epoch,train_loss,valid1_loss,valid2_loss,valid3_loss,valid4_loss,lr
0,0.3925247125192122,0.28246937195460003,0.32639986673990884,0.34304205973943075,0.3020935614903768,0.0008
1,0.2999138938838785,0.18671782016754152,0.2202044645945231,0.23483750422795613,0.227941099802653,0.0008
2,0.24475547730922698,0.1316691517829895,0.15670915444691977,0.17001649538675945,0.18254841168721517,0.0008
3,0.2175539474595677,0.09966217279434204,0.12243241469065348,0.13584779500961303,0.15351674556732178,0.0008
4,0.20419446110725403,0.09194434881210327,0.10947531461715698,0.12043151458104452,0.1429502526919047,0.0008
5,0.19764764617789876,0.07901201248168946,0.10068921645482382,0.12092839479446411,0.1464736302693685,0.0008
6,0.19438236366618764,0.07118886709213257,0.09000381628672281,0.1148025115331014,0.1410466432571411,0.0008
7,0.19227710615504873,0.07006915807723998,0.08634543816248576,0.10354590813318888,0.13548739751180014,0.0008
8,0.191230458129536,0.06711997985839843,0.08467071056365967,0.10594689051310222,0.1403646945953369,0.0008
9,0.19035284307869998,0.06740657488505046,0.08694697221120198,0.11391450961430867,0.14468781948089598,0.0008
10,0.18969619539651003,0.06779460509618124,0.08968341747919718,0.1300160805384318,0.15804317792256672,0.0008
11,0.1896084128184752,0.06407219966252645,0.08287639617919922,0.11104871034622192,0.14016040563583373,0.0008
12,0.18912247576496818,0.06478047768274943,0.08384832938512167,0.10954242547353109,0.14204457998275757,0.0008
13,0.18907342022115534,0.06281890074412028,0.0807129462560018,0.10085601409276326,0.1410736600557963,0.0008
14,0.1888970346884294,0.06475101312001547,0.08784324725468953,0.13600297768910727,0.15506987571716307,0.0008
15,0.18862197762185878,0.06663180987040201,0.09164426724116008,0.15451017618179322,0.16683133045832316,0.0008
16,0.1884940298578956,0.06323776245117188,0.08354101975758871,0.12641382614771526,0.1442766785621643,0.0008
17,0.18816628651185469,0.06283632119496664,0.08397502899169922,0.12420011758804321,0.15178188880284627,0.0008
18,0.18826353268189863,0.06311907370885213,0.08235698143641154,0.12017566363016764,0.14423658847808837,0.0008
19,0.1879911200024865,0.06356998682022094,0.08054182926813762,0.10985867977142334,0.139784038066864,0.0008
20,0.187760729952292,0.0641006628672282,0.08339722156524658,0.11670225063959758,0.1458692948023478,0.0008
21,0.1880708399144086,0.0627450704574585,0.08153422673543294,0.11685222784678141,0.14148435195287068,0.0008
22,0.1879298014532436,0.06328460375467936,0.08345279693603516,0.1313000003496806,0.14575271606445311,0.0008
23,0.18793940766291184,0.06501676638921101,0.08635888894399008,0.1400942325592041,0.1544345815976461,0.0008
24,0.18788350620053032,0.06306245724360147,0.07787725528081259,0.10604108174641927,0.12975531419118244,0.0008
25,0.1877107515118339,0.06479127804438273,0.08579052289326985,0.13238882621129353,0.1517067790031433,0.0008
26,0.18765919316898694,0.0631754994392395,0.0830832839012146,0.12828537225723266,0.1474193493525187,0.0008
27,0.18758665464141153,0.06321120659510295,0.08301366964975992,0.1267299254735311,0.14318764607111614,0.0008
28,0.18737088198011573,0.06389063596725464,0.08111791610717774,0.13245261510213216,0.14337513446807862,0.0008
29,0.18770712689919905,0.06315287748972574,0.08116194407145182,0.12886757850646974,0.14595708052317302,0.0008
30,0.18743955222043124,0.06442688306172689,0.08467782338460286,0.1425789992014567,0.14772918621699016,0.0008
31,0.18753126870502126,0.06487078269322713,0.08402268489201864,0.13590797583262126,0.14710720777511596,0.0008
32,0.18743309969251806,0.06274980703989665,0.0797593077023824,0.13659613927205402,0.13930405378341676,0.0008
33,0.18718309630047192,0.06520179112752279,0.08733484347661337,0.15340836048126222,0.15979732275009156,0.0008
34,0.18731893653219397,0.06501024564107259,0.08243844906489055,0.1268420656522115,0.14112048546473185,0.0008
35,0.18743203125216745,0.063601815700531,0.08255896170934042,0.13002386887868245,0.14211066563924155,0.0008
36,0.1874315068396655,0.06418307622273763,0.08302648067474365,0.13034429550170898,0.14611568848292034,0.0008
37,0.18790417226878078,0.06479377349217733,0.08152074416478475,0.14196922381718954,0.14041733344395954,0.0008
38,0.18729008571668104,0.06313181718190511,0.08377024332682291,0.15368844668070475,0.1522631804148356,0.0008
39,0.18719469298015942,0.06724318265914916,0.0790817379951477,0.09886424938837687,0.12558372418085734,0.0008
40,0.18760996704751795,0.0649125893910726,0.07830438216527304,0.12622949282328289,0.13504769802093505,0.0008
41,0.1871673533591357,0.06364769140879313,0.08666574160257975,0.14894970258076987,0.15592310031255086,0.0008
42,0.18739759661934594,0.06276621023813883,0.08287365436553955,0.14203015168507893,0.1503245711326599,0.0008
43,0.18751723408699036,0.06581788063049317,0.08165564934412638,0.13166324297587076,0.1377886176109314,0.0008
44,0.18736088037490845,0.06330322821935018,0.07971142530441284,0.12552364269892374,0.1401237408320109,0.0008
45,0.18708674609661102,0.06387834946314494,0.08195819060007731,0.13139728307724,0.13970938523610432,0.0008
46,0.18725387892939827,0.06235675017038981,0.08405896425247192,0.15060336589813234,0.15091513792673747,0.0008
47,0.1873897898197174,0.06268646717071533,0.08311297496159871,0.1506308158238729,0.14635109901428223,0.0008
48,0.18714630034836857,0.06431534687678019,0.0803434173266093,0.12605474789937338,0.1358824610710144,0.0008
49,0.18728677532889626,0.06592627763748168,0.0910720149676005,0.1718829909960429,0.16052440404891968,0.0008
50,0.1864268411289562,0.06305534442265828,0.0851409912109375,0.16205103794733683,0.1526906927426656,0.00048
51,0.18658374493772334,0.06321268479029338,0.08419116338094075,0.149106764793396,0.15008867184321087,0.00048
52,0.1862791605429216,0.06539831558863322,0.08894896904627482,0.16383448441823323,0.15825618505477906,0.00048
53,0.1863660317659378,0.06520654757817586,0.0821648120880127,0.13610941171646118,0.14335569143295288,0.00048
54,0.18644743258302862,0.06464966932932535,0.08301900227864584,0.15628202358881632,0.14348382552464803,0.00048
55,0.1862993722070347,0.06454476118087768,0.08387761910756429,0.16191149552663167,0.14699811538060506,0.00048
56,0.18624025431546298,0.06742666959762574,0.09153027931849161,0.18052412668863932,0.16730018456776938,0.00048
57,0.1862597018480301,0.06419331232706706,0.08536174694697062,0.16697539488474528,0.1520034670829773,0.00048
58,0.18634976582093674,0.06698338190714519,0.08426769574483235,0.15125770568847657,0.1464786688486735,0.00048
59,0.18618243212049657,0.06557331085205079,0.08247755765914917,0.15424588918685914,0.14335025151570638,0.00048
60,0.1860608741911975,0.06306397120157878,0.08762578169504802,0.17298938830693564,0.15659584601720175,0.00048
61,0.18622653365135192,0.06456168889999389,0.08024840752283732,0.133438507715861,0.13335285981496176,0.00048
62,0.18618213935331865,0.06641782522201538,0.08797304630279541,0.1567253311475118,0.15388184388478596,0.00048
63,0.18614312090656973,0.06531172593434652,0.0893025000890096,0.1765016476313273,0.15803880691528321,0.00048
64,0.18616378366947173,0.06563277641932169,0.08327492872873941,0.13905748923619587,0.14515759547551474,0.00048
65,0.18623028018257834,0.06425894101460775,0.08687914609909057,0.15490463177363079,0.1527730941772461,0.00048
66,0.18606461801312185,0.06437348524729411,0.08243723313013712,0.1440445105234782,0.14482388496398926,0.00048
67,0.1862035439231179,0.06530889670054117,0.08871612946192424,0.16321581999460857,0.15859724680582682,0.00048
68,0.18620342037894508,0.06318108638127645,0.0826313336690267,0.14510916074117025,0.14581998586654663,0.00048
69,0.18641261886466634,0.0649150013923645,0.08230891625086466,0.15493741830190022,0.1443005084991455,0.00048
70,0.18606823552738536,0.06440919637680054,0.08758178551991781,0.16433042685190838,0.15661025842030843,0.00048
71,0.18620664016766983,0.06412103176116943,0.08355358441670736,0.15070046583811442,0.14822837114334106,0.00048
72,0.1859682913801887,0.06485735972722372,0.08508909543355306,0.15502611796061197,0.1492714246114095,0.00048
73,0.18606125766580756,0.06460715134938558,0.08247156937917073,0.1358246604601542,0.14165738821029664,0.00048
74,0.1861403748663989,0.06727482080459594,0.08384975989659628,0.14482979774475097,0.14149628082911173,0.00048
75,0.18613888231190767,0.06465808153152466,0.0849304993947347,0.15641884803771972,0.15246819655100505,0.00048
76,0.18592811600728468,0.06489899555842081,0.08649784326553345,0.1582935333251953,0.15524907112121583,0.00048
77,0.18602851222861896,0.07027159531911215,0.08682661056518555,0.1731062094370524,0.14919579029083252,0.00048
78,0.18604218618436294,0.0650736133257548,0.07955495913823446,0.1276427427927653,0.1348920464515686,0.00048
79,0.1859677019444379,0.06972519159317017,0.0828010598818461,0.13081762790679932,0.140040918191274,0.00048
80,0.18623384920033542,0.06377453804016113,0.08545062144597372,0.1578705946604411,0.1557202140490214,0.00048
81,0.18597736618735575,0.06284462213516236,0.08267913659413656,0.14679596424102784,0.14765944083531699,0.00048
82,0.18611860091036017,0.06371466318766277,0.08228224515914917,0.14700114727020264,0.14728816747665405,0.00048
83,0.18587921608578076,0.06435722907384236,0.08268678983052571,0.1595387617746989,0.14710795879364014,0.00048
84,0.18623264729976655,0.06409524281819662,0.0856680154800415,0.16098777055740357,0.15107674996058146,0.00048
85,0.18590277325023305,0.06644587516784668,0.085201096534729,0.14826265970865884,0.14572721322377521,0.00048
86,0.1860555576736277,0.06427008310953776,0.08579341570536296,0.15888326565424601,0.14879525502522786,0.00048
87,0.1857940545949069,0.06885488033294677,0.08753200769424438,0.16853222052256267,0.15284183820088704,0.00048
88,0.18603776687925513,0.06483234564463297,0.0848866065343221,0.15824520587921143,0.14981998205184938,0.00048
89,0.1858806895125996,0.06476636330286661,0.08235040903091431,0.1483191688855489,0.14256596962610882,0.00048
90,0.18583697524937717,0.06861608823140462,0.08425470193227132,0.14828736782073976,0.14324475526809693,0.00048
91,0.18592452433976261,0.06580244700113932,0.08199666341145834,0.15536472002665203,0.14071482022603352,0.00048
92,0.1858242015946995,0.06817921797434488,0.08384361267089843,0.1435405174891154,0.14743868509928384,0.00048
93,0.18586296347054568,0.06461487213770549,0.08473075230916341,0.14938539663950604,0.15151093006134034,0.00048
94,0.18597270066087895,0.06508342425028484,0.08737744092941284,0.19252914587656658,0.16187743345896402,0.00048
95,0.18592293918132782,0.06336370706558228,0.08398908774058024,0.17264856497446696,0.1517480731010437,0.00048
96,0.18571543894030831,0.06304245392481486,0.08406752745310465,0.1531998634338379,0.14956146478652954,0.00048
97,0.1858079233494672,0.06733483870824178,0.0842853824297587,0.14768962462743124,0.14561776320139566,0.00048
98,0.18609826396812093,0.06327823003133139,0.07946568330128988,0.150206995010376,0.13806947469711303,0.00048
99,0.18597210418094287,0.06498791376749674,0.08586302598317465,0.15248825550079345,0.15218596855799357,0.00048
100,0.185095817880197,0.0649215817451477,0.08401694297790527,0.16654404004414877,0.15222133000691732,0.000288
101,0.18517963008447128,0.0667697032292684,0.08657443523406982,0.15965927839279176,0.15266555945078533,0.000288
102,0.18521104259924456,0.06634589036305745,0.08700114488601685,0.16643637816111248,0.15283556779225668,0.000288
103,0.18511394820430063,0.06580201387405396,0.08219943046569825,0.15025434891382852,0.14376000960667928,0.000288
104,0.18492382775653493,0.06495866378148397,0.08448673486709594,0.1611858367919922,0.14848064581553141,0.000288
105,0.18488878120075572,0.0652213970820109,0.08453542788823445,0.1517584244410197,0.14891935586929322,0.000288
106,0.18503696273673664,0.06517388820648193,0.08190126021703084,0.1441404938697815,0.14104320208231608,0.000288
107,0.1849451534314589,0.06599021355311076,0.08519856135050456,0.15004911820093791,0.14826817512512208,0.000288
108,0.18510327247056094,0.06684966087341308,0.08591521978378296,0.1618852694829305,0.15137418508529663,0.000288
109,0.18496545601974834,0.06496364672978719,0.08314553101857504,0.16204033295313516,0.1466550906499227,0.000288
110,0.18482385245236482,0.0633365273475647,0.0839922030766805,0.15108564297358196,0.14925628503163654,0.000288
111,0.18511342866854233,0.06528529723485312,0.08387401898701986,0.15517787933349608,0.1479134480158488,0.000288
112,0.18495980067686602,0.06586138804753622,0.08536993662516276,0.16615983247756957,0.15301163196563722,0.000288
113,0.18484638317064805,0.0693195899327596,0.08654154141743978,0.16208326419194538,0.14980216026306153,0.000288
114,0.18491136913949793,0.06681188742319742,0.08436911503473918,0.15520625511805217,0.14833542108535766,0.000288
115,0.18495038547299125,0.06807638009389241,0.08584375381469726,0.160682745774587,0.1443470319112142,0.000288
116,0.18499008189548147,0.06589142481486003,0.08453885714213054,0.1681854804356893,0.15031117995580037,0.000288
117,0.1847890903191133,0.0653396447499593,0.08279483715693156,0.14736656745274862,0.14699440797170002,0.000288
118,0.18475918146696957,0.06781017780303955,0.0828421394030253,0.15134625832239787,0.14463696479797364,0.000288
119,0.18493926324627616,0.06590705315272014,0.08572815656661988,0.15630731582641602,0.15012342135111492,0.000288
120,0.1851150967316194,0.06744916439056396,0.08685019413630167,0.16749805212020874,0.15243241786956788,0.000288
121,0.18494880410757933,0.06903095642725626,0.08315300941467285,0.12794990539550782,0.13739848931630452,0.000288
122,0.1850271086801182,0.06817419131596883,0.08719483216603598,0.157681667804718,0.15305357774098713,0.000288
123,0.18492934319106016,0.06647070248921712,0.08678131500879924,0.177263605594635,0.15552630027135214,0.000288
124,0.18479770281098107,0.0655558188756307,0.08326675097147623,0.15103648900985717,0.1455687681833903,0.000288
125,0.18476210707967933,0.06797271172205607,0.0833311915397644,0.15430939594904583,0.1452139417330424,0.000288
126,0.1846591990102421,0.06736749410629272,0.08427801529566446,0.16411985953648886,0.14740517536799114,0.000288
127,0.18476453884081406,0.06682013670603434,0.0861495057741801,0.1593249797821045,0.15434136390686035,0.000288
128,0.18506646004590122,0.0664411981900533,0.08667427698771159,0.16466755867004396,0.15150959491729737,0.000288
129,0.184801754897291,0.06899389425913492,0.08614352146784464,0.156537393728892,0.15120298465092977,0.000288
130,0.1848320532386953,0.06656128962834676,0.08397509256998698,0.15413479407628378,0.144175124168396,0.000288
131,0.18482367418029091,0.06984732151031495,0.0822918732961019,0.14132732152938843,0.14006440242131551,0.000288
132,0.1848497149619189,0.06715269883473714,0.08304258982340494,0.15140701532363893,0.1465856432914734,0.000288
133,0.18489289473403583,0.06751776138941447,0.08365524609883626,0.1549655516942342,0.14694103002548217,0.000288
134,0.18485845484516839,0.06617973645528158,0.08300927877426148,0.15386472940444945,0.14804673592249554,0.000288
135,0.18463308041745966,0.0651408592859904,0.08440660238265991,0.15101876656214397,0.14837701320648194,0.000288
136,0.18472783489660782,0.06793809334437052,0.08487066030502319,0.15542643864949543,0.148753821849823,0.000288
137,0.18483163421804255,0.06528755823771158,0.0843562642733256,0.1556971828142802,0.14801652828852335,0.000288
138,0.18490399490703235,0.06539612213770549,0.08259068727493286,0.14766552448272705,0.1432819088300069,0.000288
139,0.18475651177493008,0.06554932196935018,0.08428364594777425,0.1533681074778239,0.14720759391784669,0.000288
140,0.1846179601279172,0.06640938520431519,0.08604561487833659,0.1582360029220581,0.15242679516474406,0.000288
141,0.18467393360354684,0.06793026526769003,0.0863773504892985,0.16814098358154297,0.15121434132258096,0.000288
142,0.1848491176150062,0.06444904009501139,0.08192405303319296,0.1498770515124003,0.14516221682230632,0.000288
143,0.1846046238595789,0.06571101347605388,0.08374136288960775,0.14997952381769816,0.1485736608505249,0.000288
144,0.18486691187728535,0.0681683897972107,0.08480522235234579,0.14883751074473064,0.1472702980041504,0.000288
145,0.18464029377157037,0.06984834671020508,0.08657338619232177,0.16095124085744222,0.1501279910405477,0.000288
146,0.1848095297271555,0.06855338017145793,0.08565485874811808,0.1688017765680949,0.15444555679957073,0.000288
147,0.18477481787854974,0.06621583302815755,0.08210156758626302,0.15264731248219807,0.14373024702072143,0.000288
148,0.1845679139549082,0.06676820119222006,0.08407262563705445,0.15980108578999838,0.1491197427113851,0.000288
149,0.18472756293686954,0.0669809897740682,0.08170990149180095,0.14957679112752278,0.14076859951019288,0.000288
150,0.18412886760451577,0.06876787344614664,0.08650232156117757,0.16656153599421183,0.15245128870010377,0.0001728
151,0.18375981975685465,0.07071503400802612,0.08527949651082357,0.16807165543238323,0.14765653212865193,0.0001728
152,0.18407151596112684,0.06757542292277018,0.08464959462483725,0.15465449094772338,0.14777015844980876,0.0001728
153,0.18396790656176482,0.06721941232681275,0.08335023721059164,0.15184702078501383,0.14429903030395508,0.0001728
154,0.18382829969579523,0.0661236564318339,0.08454564412434896,0.1500590403874715,0.14823808272679648,0.0001728
155,0.1839430033076893,0.06747002998987833,0.08581852515538534,0.1697261651357015,0.15091711282730103,0.0001728
156,0.1838430392742157,0.06861018737157186,0.08418764273325602,0.1586343208948771,0.14699279069900512,0.0001728
157,0.1837644297426397,0.0669731060663859,0.08530765374501546,0.1603579600652059,0.14800856510798135,0.0001728
158,0.18396458755839953,0.06746397415796916,0.0816747506459554,0.14234818617502848,0.14264076948165894,0.0001728
159,0.18383416804400357,0.06939179102579753,0.08423004547754924,0.15593114693959553,0.14707738955815633,0.0001728
160,0.18379485157403078,0.06652190287907918,0.08614964882532755,0.17025636831919352,0.15076003074645997,0.0001728
161,0.1838424202528867,0.0669324000676473,0.08547545671463012,0.16320391496022543,0.15010029872258504,0.0001728
162,0.18362250756133686,0.07197157939275106,0.08545864820480346,0.1568354884783427,0.1435507893562317,0.0001728
163,0.1838431875814091,0.06883296966552735,0.08315246899922689,0.15071008602778116,0.1455011288324992,0.0001728
164,0.1839339113777334,0.06799778540929159,0.08554280598958333,0.16592732667922974,0.15159494479497274,0.0001728
165,0.18369436258619481,0.06976311206817627,0.08109978437423707,0.1412220597267151,0.13875529368718464,0.0001728
166,0.18382559353655034,0.06524471044540406,0.08432542483011882,0.15550895929336547,0.14805392026901246,0.0001728
167,0.18366558437997646,0.06819666624069214,0.08292166789372762,0.15955644051233928,0.14480465253194172,0.0001728
168,0.18365738890387795,0.0703725258509318,0.08341230154037475,0.15491413275400798,0.14480475982030233,0.0001728
169,0.1837067314711484,0.0688307801882426,0.08452788988749187,0.15984997749328614,0.14806621074676513,0.0001728
170,0.18381205385381524,0.06763906876246134,0.0843467911084493,0.1606795072555542,0.14864410956700644,0.0001728
171,0.18384042263031006,0.06921599706013998,0.0863713542620341,0.17359832922617593,0.15210905869801838,0.0001728
172,0.18381783111528915,0.06884741385777791,0.08675026893615723,0.16999921401341755,0.15240623950958251,0.0001728
173,0.1836824977939779,0.06944706439971923,0.08322726885477702,0.1485582391421,0.14425490697224935,0.0001728
174,0.18377519910985773,0.06694981257120768,0.08367727994918824,0.1539430300394694,0.1472915728886922,0.0001728
175,0.18356420999223536,0.06894832054773967,0.08566589752833048,0.16315391461054485,0.15220386981964112,0.0001728
176,0.1834777343273163,0.07050695816675821,0.0846165935198466,0.162002166112264,0.1485015869140625,0.0001728
177,0.18380053243853828,0.0683469812075297,0.0847442626953125,0.16332610845565795,0.14959216515223187,0.0001728
178,0.18355472299185666,0.06576606035232543,0.08426798979441324,0.15319409767786663,0.14893935124079385,0.0001728
179,0.18361920801076023,0.06721544663111369,0.08489943345387777,0.15424357255299886,0.14902636607487996,0.0001728
180,0.1837639322606,0.06895051002502442,0.08452812433242798,0.16498766740163168,0.1473552187283834,0.0001728
181,0.1835626565326344,0.07229134639104208,0.08797293504079183,0.17046091556549073,0.157732888062795,0.0001728
182,0.18356420376084068,0.06850126187006632,0.08605242172876994,0.1645790457725525,0.15171831846237183,0.0001728
183,0.18354983508586883,0.06861650943756104,0.08631092309951782,0.16179420550664267,0.15253473520278932,0.0001728
184,0.1836571062153036,0.06864191691080729,0.08399842580159506,0.16606133778889973,0.14960906108220418,0.0001728
185,0.18348152474923568,0.06664589643478394,0.08684754371643066,0.1676000197728475,0.15315877199172973,0.0001728
186,0.18350142511454495,0.0686989188194275,0.08573712110519409,0.1669702728589376,0.15250281492869058,0.0001728
187,0.18342173635959624,0.07027051051457724,0.08605002959569295,0.1790658434232076,0.15203950802485147,0.0001728
188,0.18359357844699511,0.06901345650355022,0.08648012479146322,0.17218093077341715,0.15238654613494873,0.0001728
189,0.18364040439779108,0.06790285110473633,0.08575096527735392,0.16679004033406575,0.1509496529897054,0.0001728
190,0.18333730963143435,0.06963459253311158,0.08255602121353149,0.1477586507797241,0.14449361562728882,0.0001728
191,0.18342641440304844,0.0717938741048177,0.08646170695622762,0.16483923594156902,0.15400394201278686,0.0001728
192,0.18351408806714145,0.0699641227722168,0.08198716243108113,0.13966718514760335,0.14372430245081583,0.0001728
193,0.18335552123459903,0.06817332108815512,0.0848795453707377,0.1592788020769755,0.15065447092056275,0.0001728
194,0.18342259417880666,0.06898608207702636,0.08351467450459799,0.1582428256670634,0.14712038437525432,0.0001728
195,0.18329722783782265,0.06968037287394206,0.08218340873718262,0.1520401120185852,0.14370858669281006,0.0001728
196,0.18345204515890642,0.06753008365631104,0.08090680440266927,0.14480926593144736,0.1406405011812846,0.0001728
197,0.1833930032903498,0.06873946189880371,0.08237043619155884,0.15185665289560954,0.14414212703704835,0.0001728
198,0.1835722737420689,0.06861385504404703,0.08264935413996378,0.15077285766601561,0.14420410792032878,0.0001728
199,0.1833244772932746,0.0670990506807963,0.08395833174387614,0.1582345962524414,0.1505383888880412,0.0001728
200,0.18286999361081557,0.06989228328069051,0.08622361421585083,0.171810777982076,0.15211517810821534,0.00010368
201,0.18284088454463265,0.0695794701576233,0.08461612065633138,0.16591781775156658,0.14887449741363526,0.00010368
202,0.18275022067806937,0.07010445594787598,0.0871031125386556,0.1759329120318095,0.15430153210957845,0.00010368
203,0.18267693622545764,0.06833904981613159,0.08240076700846354,0.1522834340731303,0.14484689633051553,0.00010368
204,0.18263855354352432,0.06911741892496745,0.08343605995178223,0.15664554834365846,0.14703191916147867,0.00010368
205,0.18263059150088917,0.06972464323043823,0.08374849557876587,0.15485302607218424,0.14796829620997112,0.00010368
206,0.18267146435650913,0.06810815731684366,0.08488556146621704,0.15965141852696738,0.15132102171579997,0.00010368
207,0.18265490087595854,0.06812724272410074,0.0848851998647054,0.1620115081469218,0.14923173983891805,0.00010368
208,0.182503059072928,0.07056321303049723,0.08392270008722941,0.1529057542483012,0.14356981515884398,0.00010368
209,0.18258705095811323,0.06846584876378377,0.08320012092590331,0.1565498948097229,0.14580153624216716,0.00010368
210,0.18255975110964343,0.06856025060017903,0.08444154262542725,0.15226138830184938,0.14798693656921386,0.00010368
211,0.18265187496488744,0.06965621709823608,0.08500197331110636,0.16323297421137492,0.14906532764434816,0.00010368
212,0.18252493798732758,0.07024428447087606,0.08360971609751383,0.14811704556147257,0.14561655521392822,0.00010368
213,0.18259146294810555,0.07004563808441162,0.08474400043487548,0.1594134251276652,0.14759746789932252,0.00010368
214,0.18234496886079962,0.07128372192382812,0.0875219742457072,0.1665708065032959,0.15378961165746052,0.00010368
215,0.1824277108365839,0.07341621319452922,0.08620670636494955,0.16188514629999798,0.1492873787879944,0.00010368
216,0.1826666680249301,0.06909446716308594,0.08529471158981324,0.16086097955703735,0.15067442655563354,0.00010368
217,0.18248620027845555,0.07228359778722128,0.08371694485346476,0.15511233806610109,0.14448084433873495,0.00010368
218,0.18246870490637693,0.06940040985743205,0.08522592782974243,0.16368773778279622,0.14829623699188232,0.00010368
219,0.1825436757369475,0.07002374331156412,0.08558837175369263,0.15846890608469646,0.14919604460398356,0.00010368
220,0.18225703613324598,0.06875893672307333,0.08430053790410359,0.15844252109527587,0.1475659171740214,0.00010368
221,0.1824542032588612,0.07023212512334188,0.08608530759811402,0.16447853247324626,0.14884788990020753,0.00010368
222,0.1822592918439345,0.07040300369262695,0.08500857353210449,0.1584520181020101,0.14743032852808635,0.00010368
223,0.18236639299175955,0.07041170199712117,0.08291128079096476,0.14328434467315673,0.1427570939064026,0.00010368
224,0.18235795378684996,0.06982689301172892,0.08480077187220256,0.15628560384114584,0.14774475495020548,0.00010368
225,0.18236415180292997,0.0698123574256897,0.08473896185557048,0.1587212324142456,0.14719099601109822,0.00010368
226,0.18199993046847257,0.06790062189102172,0.08491299947102865,0.15089142322540283,0.1474923332532247,0.00010368
227,0.1821172185377641,0.0716680924097697,0.08572196165720622,0.15889235734939575,0.1492041031519572,0.00010368
228,0.18208061435005882,0.070374329884847,0.08622576793034871,0.16786529620488486,0.14876460234324138,0.00010368
229,0.1819573875990781,0.07238756020863851,0.08716075817743937,0.16426219940185546,0.15372813145319622,0.00010368
230,0.1823186965422197,0.07256587346394856,0.08372419675191244,0.15388712485631306,0.14543342192967731,0.00010368
231,0.18182070900093425,0.07029758294423422,0.08475964466730754,0.15934170484542848,0.14753522872924804,0.00010368
232,0.18204126471822912,0.07277917464574178,0.08381620645523072,0.15165650447209675,0.1467877467473348,0.00010368
233,0.18239829188043422,0.06949651638666789,0.08404755592346191,0.15969419876734417,0.14712552229563394,0.00010368
234,0.18187792322852395,0.07358787457148235,0.08520184357961019,0.1544890840848287,0.149640691280365,0.00010368
235,0.1818584049831737,0.07179619868596394,0.0858343243598938,0.1516636331876119,0.14964163700739544,0.00010368
236,0.18187954306602477,0.07477193673451742,0.08704436222712199,0.16273152828216553,0.15076032479604085,0.00010368
237,0.18210522976788607,0.07042185068130494,0.08387520313262939,0.15901678800582886,0.14856811761856079,0.00010368
238,0.18208326431837948,0.07034833431243896,0.08534671465555826,0.1661247213681539,0.1493290901184082,0.00010368
239,0.18261098888787355,0.06794244845708211,0.08244632879892985,0.15878504514694214,0.14686712821324666,0.00010368
240,0.1819904124736786,0.07292269468307495,0.08197999795277913,0.14371037085851032,0.14554786682128906,0.00010368
241,0.18167941635305232,0.0717358946800232,0.08345014651616414,0.14768433570861816,0.14634008804957072,0.00010368
242,0.18294164787639272,0.07325382232666015,0.08662582238515218,0.1682247797648112,0.15231379270553588,0.00010368
243,0.18172378773039038,0.06902262767155966,0.08561923503875732,0.1651474674542745,0.1522918462753296,0.00010368
244,0.18159687448631634,0.07310283581415812,0.08830594221750895,0.17636104822158813,0.15551042556762695,0.00010368
245,0.18249353473836724,0.07379430135091146,0.09027755657831828,0.16856999397277833,0.1527430494626363,0.00010368
246,0.1815380784598264,0.07916995684305826,0.08507738908131918,0.14191991885503133,0.14357140858968098,0.00010368
247,0.18150473621758548,0.07597412268320719,0.08473959366480509,0.16008396148681642,0.14535138607025147,0.00010368
248,0.18135018278251994,0.06727123657862345,0.08372902870178223,0.16181129217147827,0.14944427013397216,0.00010368
249,0.18281262977556748,0.06979753573735555,0.08499179283777873,0.16255634228388469,0.14896968205769856,0.00010368
250,0.1811143399368633,0.07698591550191243,0.08721363147099813,0.15713297526041667,0.14722134272257487,6.2208e-05
251,0.1800200696966865,0.07448134422302247,0.08812082211176554,0.16868051290512084,0.15064397652943928,6.2208e-05
252,0.1781801284985109,0.07246381839116414,0.08371388117472331,0.15160435835520428,0.1451464335123698,6.2208e-05
253,0.17762691893360832,0.07391924858093261,0.08618544737497966,0.1610007127126058,0.14963259299596152,6.2208e-05
254,0.1781733950701627,0.07411867380142212,0.08793504238128662,0.16459314823150634,0.1511658787727356,6.2208e-05
255,0.17667591485110196,0.07338335911432901,0.08490624825159708,0.15719801982243856,0.1456990400950114,6.2208e-05
256,0.17512792029164054,0.07403334379196166,0.08426962693532308,0.15698735316594442,0.14749491214752197,6.2208e-05
257,0.17445452608845452,0.07717392444610596,0.0905023733774821,0.15145844221115112,0.14844742218653362,6.2208e-05
258,0.17433232188224793,0.0768966794013977,0.0913051168123881,0.1614113688468933,0.15077099005381267,6.2208e-05
259,0.17368158264593644,0.08272912502288818,0.08988025983174643,0.14852155447006227,0.14488462607065836,6.2208e-05
260,0.17289421319961548,0.0777973731358846,0.08995716571807862,0.1592063347498576,0.15132418076197307,6.2208e-05
261,0.1709653310884129,0.07750069697697957,0.08748120864232381,0.15789348681767781,0.14935789505640665,6.2208e-05
262,0.17174301987344567,0.07565226952234903,0.09228196541468302,0.15172309478123983,0.14619344075520832,6.2208e-05
263,0.17219055273316122,0.07261435588200887,0.08752593994140626,0.1569215734799703,0.14636224110921223,6.2208e-05
264,0.16945059900934045,0.0748967448870341,0.08675564130147298,0.15652212301890056,0.14555992285410563,6.2208e-05
265,0.1686687649380077,0.07409648497899374,0.09082419872283935,0.1589544177055359,0.14882116317749022,6.2208e-05
266,0.16818250542337243,0.07731562852859497,0.08371090094248454,0.15242859919865925,0.14767636060714723,6.2208e-05
267,0.16949700615622781,0.08096277713775635,0.08496468464533488,0.1637766202290853,0.150992484887441,6.2208e-05
268,0.16850804144685919,0.07623291412989298,0.08641285498936971,0.15922882954279582,0.1471331516901652,6.2208e-05
269,0.16850447129119525,0.08041313886642457,0.08528448343276977,0.16380887428919474,0.14931974411010743,6.2208e-05
270,0.16635191608559002,0.08020182847976684,0.08756772677103679,0.16349202394485474,0.14750028848648072,6.2208e-05
271,0.16491894629868595,0.08023478984832763,0.0829509139060974,0.15094257990519205,0.14570310513178508,6.2208e-05
272,0.16431330290707674,0.06631120443344116,0.08264599641164144,0.1601154128710429,0.14514244794845582,6.2208e-05
273,0.1649243025346236,0.08167493343353271,0.08487515449523926,0.16239041090011597,0.15010795990626016,6.2208e-05
274,0.16410452712665904,0.08734153509140015,0.09691112836201986,0.1606684446334839,0.148088538646698,6.2208e-05
275,0.16087781434709375,0.08377927541732788,0.08854729731877645,0.1594641089439392,0.14666533867518108,6.2208e-05
276,0.15764761117371645,0.09396365483601889,0.09374235073725383,0.17215026219685872,0.15290307601292927,6.2208e-05
277,0.16027072538029064,0.08343753019968668,0.08611342906951905,0.15668286482493082,0.14745309750239055,6.2208e-05
278,0.1632813056490638,0.08601326545079549,0.08728150924046835,0.16880938212076824,0.15451022386550903,6.2208e-05
279,0.15787514291026375,0.08599177598953248,0.09214699665705363,0.15910553534825642,0.14542014598846437,6.2208e-05
280,0.15674626247449355,0.08702083428700765,0.09891764720280966,0.17221662203470867,0.1508570392926534,6.2208e-05
281,0.16155832133509895,0.09708646535873414,0.11444509029388428,0.1529007355372111,0.15535099903742472,6.2208e-05
282,0.15602625814351168,0.09540326595306396,0.08540680011113484,0.15616007248560587,0.1459797183672587,6.2208e-05
283,0.15290159691463817,0.08881037632624308,0.09677423238754272,0.17856817642847697,0.14761552413304646,6.2208e-05
284,0.1510569645058025,0.08556032180786133,0.08855504592259725,0.16209471225738525,0.1458365201950073,6.2208e-05
285,0.15058436437086625,0.09690167506535848,0.09448870023091634,0.15796664555867512,0.146351424853007,6.2208e-05
286,0.15239159719510512,0.13591159582138063,0.08848102887471516,0.1530921697616577,0.15073977708816527,6.2208e-05
287,0.15149492025375366,0.09034749666849771,0.09368083874384563,0.16632274389266968,0.14629106124242147,6.2208e-05
288,0.14875403171235865,0.09283497333526611,0.086301855246226,0.16604638894399007,0.15135767857233684,6.2208e-05
289,0.14634487509727478,0.0894739031791687,0.0831793189048767,0.1389509121576945,0.14613727728525797,6.2208e-05
290,0.14785507343032142,0.10084020694096883,0.10587632656097412,0.15790448586146036,0.14722123940785725,6.2208e-05
291,0.14439308339899237,0.10378748973210652,0.10232615868250529,0.1695668856302897,0.1466672897338867,6.2208e-05
292,0.14644723355770112,0.10141951243082682,0.09545106490453084,0.15974065860112507,0.148348863919576,6.2208e-05
293,0.14376991792158647,0.09186217784881592,0.08778855005900064,0.18147810300191244,0.15196239948272705,6.2208e-05
294,0.14628528009761463,0.10986255009969076,0.08709195852279664,0.16048713525136313,0.16499192714691163,6.2208e-05
295,0.1419219655340368,0.11493234634399414,0.11826229095458984,0.17495333751042683,0.16552674770355225,6.2208e-05
296,0.14093772156672044,0.11389121611913046,0.10559571981430053,0.1781197428703308,0.15229912996292114,6.2208e-05
297,0.13637568419629878,0.12777031262715657,0.13261123498280844,0.1931743621826172,0.16228878100713093,6.2208e-05
298,0.14335964647206392,0.11466102997461955,0.10114875634511312,0.156170654296875,0.1471696933110555,6.2208e-05
299,0.13824557049707933,0.10245794852574666,0.08246216773986817,0.1455146114031474,0.14389206171035768,6.2208e-05
300,0.1316069250757044,0.11296346187591552,0.08608891169230143,0.16429983774820964,0.14848615328470866,3.73248e-05
301,0.1281978848847476,0.12251315514246623,0.10726957718531291,0.16013888915379842,0.1466278354326884,3.73248e-05
302,0.1291361499374563,0.10331610441207886,0.09899377822875977,0.15688312848409017,0.14384403228759765,3.73248e-05
303,0.1310627966035496,0.12243437767028809,0.10959412256876627,0.17089657386144003,0.14810626904169719,3.73248e-05
304,0.1262469072233547,0.11810497045516968,0.10286665757497152,0.16258008480072023,0.14817601839701336,3.73248e-05
305,0.12475197168913754,0.11895887851715088,0.10653648773829143,0.16397628784179688,0.14596962531407673,3.73248e-05
306,0.1257061872699044,0.12264242569605509,0.10387159983317057,0.1738358696301778,0.1530909021695455,3.73248e-05
307,0.12569138635288585,0.12443018356959025,0.11277925570805868,0.18079947630564372,0.14911485115687054,3.73248e-05
308,0.12680242332545194,0.12782202959060668,0.11012832721074423,0.14600667953491211,0.14531086683273314,3.73248e-05
309,0.12609012473713269,0.12363937695821127,0.11259793837865194,0.16845575173695881,0.14708454211552938,3.73248e-05
310,0.11747626765207811,0.15080046653747559,0.12869019110997518,0.16621328989664713,0.15299882888793945,3.73248e-05
311,0.10955062226815657,0.17466127077738444,0.13902925650278727,0.16306416193644205,0.15026776790618895,3.73248e-05
312,0.1065602428262884,0.1832658807436625,0.1390919844309489,0.1720396081606547,0.1491173466046651,3.73248e-05
313,0.10632497364824468,0.1774686058362325,0.13970893621444702,0.20864734649658204,0.14739533265431723,3.73248e-05
314,0.10155957753008062,0.162520166238149,0.09699316024780273,0.19590030113855997,0.14816238482793173,3.73248e-05
315,0.09937671731818806,0.18518991470336915,0.13774415254592895,0.17370177507400514,0.1493379314740499,3.73248e-05
316,0.09540543458678506,0.18322011232376098,0.14219573338826497,0.18827615976333617,0.14898025194803874,3.73248e-05
317,0.09858080018650402,0.1771945635477702,0.17316828966140746,0.18028297424316406,0.14363143841425577,3.73248e-05
318,0.09836711471731012,0.17996713320414226,0.14161402384440105,0.16881028413772584,0.147524090607961,3.73248e-05
319,0.09577160304242914,0.17850836515426635,0.16426751216252644,0.15803419748942057,0.1428801695505778,3.73248e-05
320,0.09397676733407108,0.17549935976664224,0.1388726592063904,0.157261327902476,0.14393880764643352,3.73248e-05
321,0.10815960981629112,0.1867526968320211,0.14433921178181966,0.1517370859781901,0.16047876675923664,3.73248e-05
322,0.10137073430148039,0.17931596835454305,0.12382115125656128,0.16712656418482463,0.1470585306485494,3.73248e-05
323,0.09217005572535775,0.17996276219685872,0.1428690234820048,0.22171283165613812,0.1491129517555237,3.73248e-05
324,0.08953614592552185,0.17970985174179077,0.14183996518452963,0.20236506462097167,0.14872344732284545,3.73248e-05
325,0.0887900237603621,0.1846833308537801,0.14087361494700115,0.16280965010325113,0.1461305538813273,3.73248e-05
326,0.0922307626767592,0.06576464573542277,0.08612692356109619,0.15377873579661053,0.14988709688186647,3.73248e-05
327,0.13305878070267765,0.18628000020980834,0.1463182012240092,0.3455079396565755,0.16338199774424236,3.73248e-05
328,0.09654281274838881,0.18196765979131063,0.13869444131851197,0.16084065834681194,0.15407794713974,3.73248e-05
329,0.08824362846938047,0.18111650943756102,0.1407027204831441,0.1692853609720866,0.1580591360727946,3.73248e-05
330,0.08717575550079346,0.18111900091171265,0.14335888624191284,0.2586029807726542,0.15861701170603434,3.73248e-05
331,0.08668288003314625,0.18126314481099445,0.14384507338205973,0.25744877258936566,0.16345155239105225,3.73248e-05
332,0.11949881038882515,0.2052833120028178,0.14261877934137981,0.23285479148228963,0.1613880713780721,3.73248e-05
333,0.10560866643082012,0.15311744213104247,0.09239150285720825,0.21263874371846517,0.14898743629455566,3.73248e-05
334,0.10010599743236195,0.16416927576065063,0.10765326023101807,0.18232522010803223,0.146242352326711,3.73248e-05
335,0.09685157255692915,0.17816569010416666,0.1415801445643107,0.15929490725199383,0.14782715638478597,3.73248e-05
336,0.08963839720595966,0.17950610319773355,0.13565706411997477,0.20131689707438152,0.14816648562749227,3.73248e-05
337,0.0875625776160847,0.1782200574874878,0.14193182388941447,0.16227496067682903,0.14870680967966715,3.73248e-05
338,0.08572932991114529,0.1784038503964742,0.14184157450993856,0.17127705017725628,0.14793798923492432,3.73248e-05
339,0.08524295405908064,0.17814338604609173,0.14146136045455932,0.16501381397247314,0.14974374771118165,3.73248e-05
340,0.08487868910486047,0.17843757470448812,0.14158574342727662,0.21022888819376628,0.1487349232037862,3.73248e-05
341,0.08661455663767728,0.14952366749445598,0.18247912724812826,0.2395516037940979,0.1938647190729777,3.73248e-05
342,0.11631328994577582,0.12388786872227987,0.0911219835281372,0.19607464075088502,0.1475036025047302,3.73248e-05
343,0.09155697096477855,0.1783757487932841,0.1939870039621989,0.19031678040822347,0.149283770720164,3.73248e-05
344,0.10525957085869529,0.12061303853988647,0.13887073198954264,0.15813695192337035,0.14961845874786378,3.73248e-05
345,0.1004761503501372,0.12074001232782999,0.08346196015675862,0.158334219455719,0.1494099219640096,3.73248e-05
346,0.09729913245547901,0.14834237098693848,0.1388635516166687,0.15387088855107625,0.14430304368336996,3.73248e-05
347,0.09771021062677557,0.11812814871470133,0.08165472745895386,0.14820877313613892,0.14670450687408448,3.73248e-05
348,0.10118053246628154,0.1773869792620341,0.15484415292739867,0.22172657251358033,0.14911560217539468,3.73248e-05
349,0.09441963125358928,0.17748059829076132,0.08429765303929647,0.19968298276265461,0.14983748992284138,3.73248e-05
350,0.08870190712538632,0.17733017603556314,0.08972741365432739,0.20002113580703734,0.15033425092697145,2.239488e-05
351,0.08513279909437353,0.17750495672225952,0.08726588487625123,0.23473796844482422,0.15061369736989338,2.239488e-05
352,0.08376824509013783,0.17765552202860516,0.09269386927286784,0.20069953203201293,0.14994590679804484,2.239488e-05
353,0.08339467379179868,0.17705230315526327,0.10533658663431804,0.20898940960566204,0.14896776676177978,2.239488e-05
354,0.08315113040533932,0.1779853582382202,0.14108230670293173,0.25271469354629517,0.1495375672976176,2.239488e-05
355,0.08292090166698803,0.17737036148707072,0.14129230976104737,0.2419028123219808,0.1508065342903137,2.239488e-05
356,0.0837679785490036,0.17738924423853555,0.0962197462717692,0.21276488304138183,0.1494655688603719,2.239488e-05
357,0.08268248509276997,0.17724045515060424,0.14219874143600464,0.25881321032842003,0.15142122507095337,2.239488e-05
358,0.0823713667826219,0.1774824062983195,0.14250536759694418,0.25306699275970457,0.15204112927118937,2.239488e-05
359,0.08628082329576665,0.17629267772038779,0.1432098189989726,0.16001949310302735,0.15190521478652955,2.239488e-05
360,0.08774453428658573,0.17710542281468708,0.14208323160807293,0.18368318875630696,0.1499200701713562,2.239488e-05
361,0.08225424137982455,0.17769898176193238,0.20281277497609457,0.3325992743174235,0.15512785116831462,2.239488e-05
362,0.08164392818104137,0.17765862941741944,0.14212867021560668,0.2681077082951864,0.1532984495162964,2.239488e-05
363,0.08081092113798315,0.17788029909133912,0.14355188608169556,0.27239799896876016,0.15476051568984986,2.239488e-05
364,0.08058528672565113,0.177242382367452,0.14191042979558308,0.2170819878578186,0.15028303464253742,2.239488e-05
365,0.08042008372870359,0.17656749884287518,0.14013935724894205,0.23844970067342122,0.1475564161936442,2.239488e-05
366,0.08029588466340845,0.1774909257888794,0.14211873213450113,0.27801607449849447,0.15111583471298218,2.239488e-05
367,0.08040594317696312,0.17666904926300048,0.1437872052192688,0.25358707904815675,0.1515660524368286,2.239488e-05
368,0.09382787308909676,0.17579625447591146,0.08358660936355591,0.158911923567454,0.14957919120788574,2.239488e-05
369,0.08722185400399295,0.18063322305679322,0.1092720111211141,0.33550615708033243,0.15193690856297812,2.239488e-05
370,0.08090760594064539,0.17709230184555053,0.09022878408432007,0.35105242729187014,0.14978615045547486,2.239488e-05
371,0.080275555415587,0.17728771766026816,0.1265208880106608,0.3542136351267497,0.15233958164850872,2.239488e-05
372,0.08011275898326527,0.17791115442911784,0.14153035084406534,0.34288036028544105,0.1515172282854716,2.239488e-05
373,0.07994753274050626,0.1772987167040507,0.14175432125727336,0.3146682580312093,0.15182446241378783,2.239488e-05
374,0.07984363030303608,0.17812357346216837,0.1416068156560262,0.3911854346593221,0.15086487531661988,2.239488e-05
375,0.07976343994790858,0.1773410479227702,0.1417674422264099,0.43582334121068317,0.15441877444585164,2.239488e-05
376,0.08919181839986282,0.17589433193206788,0.14062270720799763,0.26133015553156536,0.1490073283513387,2.239488e-05
377,0.08085085885091262,0.177861754099528,0.1422625462214152,0.30499133666356404,0.1500100572903951,2.239488e-05
378,0.07982893391089006,0.177025039990743,0.14125138123830158,0.2738796989123026,0.14877771933873493,2.239488e-05
379,0.07965211494402452,0.17783432801564533,0.14238853851954142,0.2830955942471822,0.15032888650894166,2.239488e-05
380,0.07954905872995204,0.17796571652094523,0.14205546776453654,0.23668161630630494,0.15029752254486084,2.239488e-05
381,0.0794180064309727,0.17749260663986205,0.1420489231745402,0.29036910136540733,0.15166008472442627,2.239488e-05
382,0.0802870083397085,0.17533207734425862,0.13845229148864746,0.14421098629633586,0.14509424765904744,2.239488e-05
383,0.07979026951573112,0.1770925800005595,0.14202346801757812,0.24699858824412027,0.15128829876581829,2.239488e-05
384,0.07922571529041637,0.17771296898523967,0.1423773447672526,0.2521151383717855,0.15172436634699504,2.239488e-05
385,0.07912570601159875,0.1779524286588033,0.14295698801676432,0.30704198678334554,0.15402814149856567,2.239488e-05
386,0.07898965900594537,0.17840404113133748,0.14135199387868244,0.21855465173721314,0.14883073965708415,2.239488e-05
387,0.0879287431456826,0.17448094288508098,0.14009097417195637,0.3741199254989624,0.14877530336380004,2.239488e-05
388,0.0852577764337713,0.18789639075597128,0.1414796511332194,0.4486098329226176,0.15124469598134357,2.239488e-05
389,0.07971348291093652,0.17698569297790528,0.14195404052734376,0.3268637498219808,0.1507494886716207,2.239488e-05
390,0.07907089883630926,0.1777596632639567,0.14235647519429526,0.3328838308652242,0.15228758653004965,2.239488e-05
391,0.07894741350954229,0.1771440863609314,0.14130561749140422,0.3002505302429199,0.14970762729644777,2.239488e-05
392,0.07881385987455194,0.17736422618230183,0.1417527675628662,0.27939208745956423,0.15111138025919596,2.239488e-05
393,0.07874123421582309,0.17773466904958088,0.14091749588648478,0.2662282109260559,0.14929090738296508,2.239488e-05
394,0.08688317450610074,0.17156655788421632,0.13731302420298258,0.15262136061986287,0.14672995408376058,2.239488e-05
395,0.08648339401591908,0.17651866674423217,0.14164359569549562,0.25781737168629965,0.15040114323298137,2.239488e-05
396,0.07918425532904538,0.17744143009185792,0.1426446278889974,0.27380375067392987,0.15001899003982544,2.239488e-05
397,0.07888329327106476,0.17780203421910604,0.1420058806737264,0.27587358554204305,0.14997602303822835,2.239488e-05
398,0.07872823102907701,0.17737454970677693,0.14155023097991942,0.2291802207628886,0.14993844429651895,2.239488e-05
399,0.07865287379785017,0.1786958893140157,0.14306377172470092,0.29613398710886635,0.1528953472773234,2.239488e-05
